repIndex;status;solutionCheck;completedTools;stoppedTools;failedTools;threadId
0;Ended;0.000;3;0;0;S2-T7-C4-PL-HR-G4O-OPAQ-ABS_[11-12]-[18-10-50]_rep1
1;Ended;0.000;5;0;0;S2-T7-C4-PL-HR-G4O-OPAQ-ABS_[11-12]-[18-10-50]_rep2
2;Ended;0.000;4;0;0;S2-T7-C4-PL-HR-G4O-OPAQ-ABS_[11-12]-[18-10-50]_rep3
3;Timeout;0.000;0;0;0;S2-T7-C4-PL-HR-G4O-OPAQ-ABS_[11-12]-[18-10-50]_rep4
4;Ended;0.000;7;0;0;S2-T7-C4-PL-HR-G4O-OPAQ-ABS_[11-12]-[18-10-50]_rep5
5;Ended;0.000;5;0;0;S2-T7-C4-PL-HR-G4O-OPAQ-ABS_[11-12]-[18-10-50]_rep6
6;Ended;0.000;4;0;0;S2-T7-C4-PL-HR-G4O-OPAQ-ABS_[11-12]-[18-10-50]_rep7
7;Ended;0.000;4;0;0;S2-T7-C4-PL-HR-G4O-OPAQ-ABS_[11-12]-[18-10-50]_rep8
8;Ended;0.000;4;0;0;S2-T7-C4-PL-HR-G4O-OPAQ-ABS_[11-12]-[18-10-50]_rep9
9;Ended;0.000;6;0;0;S2-T7-C4-PL-HR-G4O-OPAQ-ABS_[11-12]-[18-10-50]_rep10
10;Ended;0.000;4;0;0;S2-T7-C4-PL-HR-G4O-OPAQ-ABS_[11-12]-[18-10-50]_rep11
11;Ended;0.000;4;0;0;S2-T7-C4-PL-HR-G4O-OPAQ-ABS_[11-12]-[18-10-50]_rep12
12;Ended;0.000;3;0;0;S2-T7-C4-PL-HR-G4O-OPAQ-ABS_[11-12]-[18-10-50]_rep13
13;Ended;0.000;3;0;0;S2-T7-C4-PL-HR-G4O-OPAQ-ABS_[11-12]-[18-10-50]_rep14
14;Ended;0.000;4;0;0;S2-T7-C4-PL-HR-G4O-OPAQ-ABS_[11-12]-[18-10-50]_rep15
